飯野 雅, http://cache2.akb48.co.jp/img/_member20141029/detail/215/02.jpg
市川 愛美, http://cache2.akb48.co.jp/img/_member20141029/detail/147/02.jpg
入山 杏奈, http://cache2.akb48.co.jp/img/_member20141029/detail/51/02.jpg
岩田 華怜, http://cache2.akb48.co.jp/img/_member20141029/detail/68/02.jpg
川栄 李奈, http://cache2.akb48.co.jp/img/_member20141029/detail/64/02.jpg
小嶋 菜月, http://cache2.akb48.co.jp/img/_member20141029/detail/65/02.jpg
小嶋 陽菜, http://cache2.akb48.co.jp/img/_member20141029/detail/6/02.jpg
島崎 遥香, http://cache2.akb48.co.jp/img/_member20141029/detail/53/02.jpg
高橋 みなみ, http://cache2.akb48.co.jp/img/_member20141029/detail/10/02.jpg
田北 香世子, http://cache2.akb48.co.jp/img/_member20141029/detail/164/02.jpg
達家 真姫宝, http://cache2.akb48.co.jp/img/_member20141029/detail/161/02.jpg
谷口 めぐ, http://cache2.akb48.co.jp/img/_member20141029/detail/216/02.jpg
中田 ちさと, http://cache2.akb48.co.jp/img/_member20141029/detail/12/02.jpg
中西 智代梨, http://cache2.akb48.co.jp/img/_member20141029/detail/219/02.jpg
中村 麻里子, http://cache2.akb48.co.jp/img/_member20141029/detail/57/02.jpg
西山 怜那, http://cache2.akb48.co.jp/img/_member20141029/detail/165/02.jpg
藤田 奈那, http://cache2.akb48.co.jp/img/_member20141029/detail/63/02.jpg
古畑 奈和, http://cache2.akb48.co.jp/img/_member20141029/detail/144/02.jpg
前田 亜美, http://cache2.akb48.co.jp/img/_member20141029/detail/15/02.jpg
松井 咲子, http://cache2.akb48.co.jp/img/_member20141029/detail/28/02.jpg
宮脇 咲良, http://cache2.akb48.co.jp/img/_member20141029/detail/220/02.jpg
武藤 十夢, http://cache2.akb48.co.jp/img/_member20141029/detail/76/02.jpg
森川 彩香, http://cache2.akb48.co.jp/img/_member20141029/detail/67/02.jpg
矢倉 楓子, http://cache2.akb48.co.jp/img/_member20141029/detail/146/02.jpg
相笠 萌, http://cache2.akb48.co.jp/img/_member20141029/detail/107/02.jpg
阿部 マリア, http://cache2.akb48.co.jp/img/_member20141029/detail/49/02.jpg
石田 晴香, http://cache2.akb48.co.jp/img/_member20141029/detail/33/02.jpg
岩佐 美咲, http://cache2.akb48.co.jp/img/_member20141029/detail/1/02.jpg
内田 眞由美, http://cache2.akb48.co.jp/img/_member20141029/detail/19/02.jpg
北原 里英, http://cache2.akb48.co.jp/img/_member20141029/detail/36/02.jpg
兒玉 遥, http://cache2.akb48.co.jp/img/_member20141029/detail/145/02.jpg
小林 香菜, http://cache2.akb48.co.jp/img/_member20141029/detail/37/02.jpg
後藤 萌咲, http://cache2.akb48.co.jp/img/_member20141029/detail/162/02.jpg
島田 晴香, http://cache2.akb48.co.jp/img/_member20141029/detail/54/02.jpg
下口 ひなな, http://cache2.akb48.co.jp/img/_member20141029/detail/163/02.jpg
鈴木 紫帆里, http://cache2.akb48.co.jp/img/_member20141029/detail/42/02.jpg
鈴木 まりや, http://cache2.akb48.co.jp/img/_member20141029/detail/157/02.jpg
田野 優花, http://cache2.akb48.co.jp/img/_member20141029/detail/74/02.jpg
永尾 まりや, http://cache2.akb48.co.jp/img/_member20141029/detail/58/02.jpg
松井 珠理奈, http://cache2.akb48.co.jp/img/_member20141029/detail/115/02.jpg
宮崎 美穂, http://cache2.akb48.co.jp/img/_member20141029/detail/47/02.jpg
山本  彩, http://cache2.akb48.co.jp/img/_member20141029/detail/222/02.jpg
湯本 亜美, http://cache2.akb48.co.jp/img/_member20141029/detail/154/02.jpg
横山 由依, http://cache2.akb48.co.jp/img/_member20141029/detail/31/02.jpg
生駒 里奈, http://cache2.akb48.co.jp/img/_member20141029/detail/221/02.jpg
伊豆田 莉奈, http://cache2.akb48.co.jp/img/_member20141029/detail/60/02.jpg
内山 奈月, http://cache2.akb48.co.jp/img/_member20141029/detail/136/02.jpg
梅田 綾乃, http://cache2.akb48.co.jp/img/_member20141029/detail/111/02.jpg
大島 涼花, http://cache2.akb48.co.jp/img/_member20141029/detail/112/02.jpg
大家 志津香, http://cache2.akb48.co.jp/img/_member20141029/detail/3/02.jpg
大和田 南那, http://cache2.akb48.co.jp/img/_member20141029/detail/148/02.jpg
小笠原 茉由, http://cache2.akb48.co.jp/img/_member20141029/detail/223/02.jpg
柏木 由紀, http://cache2.akb48.co.jp/img/_member20141029/detail/35/02.jpg
川本 紗矢, http://cache2.akb48.co.jp/img/_member20141029/detail/166/02.jpg
倉持 明日香, http://cache2.akb48.co.jp/img/_member20141029/detail/5/02.jpg
高城 亜樹, http://cache2.akb48.co.jp/img/_member20141029/detail/156/02.jpg
高橋 朱里, http://cache2.akb48.co.jp/img/_member20141029/detail/73/02.jpg
竹内 美宥, http://cache2.akb48.co.jp/img/_member20141029/detail/55/02.jpg
田名部 生来, http://cache2.akb48.co.jp/img/_member20141029/detail/23/02.jpg
朝長 美桜, http://cache2.akb48.co.jp/img/_member20141029/detail/224/02.jpg
名取 稚菜, http://cache2.akb48.co.jp/img/_member20141029/detail/66/02.jpg
野澤 玲奈, http://cache2.akb48.co.jp/img/_member20141029/detail/159/02.jpg
橋本 耀, http://cache2.akb48.co.jp/img/_member20141029/detail/140/02.jpg
平田 梨奈, http://cache2.akb48.co.jp/img/_member20141029/detail/75/02.jpg
福岡 聖菜, http://cache2.akb48.co.jp/img/_member20141029/detail/152/02.jpg
横島 亜衿, http://cache2.akb48.co.jp/img/_member20141029/detail/167/02.jpg
渡辺 麻友, http://cache2.akb48.co.jp/img/_member20141029/detail/48/02.jpg
岩立 沙穂, http://cache2.akb48.co.jp/img/_member20141029/detail/110/02.jpg
大川 莉央, http://cache2.akb48.co.jp/img/_member20141029/detail/160/02.jpg
大森 美優, http://cache2.akb48.co.jp/img/_member20141029/detail/69/02.jpg
岡田 彩花, http://cache2.akb48.co.jp/img/_member20141029/detail/114/02.jpg
岡田 奈々, http://cache2.akb48.co.jp/img/_member20141029/detail/137/02.jpg
加藤 玲奈, http://cache2.akb48.co.jp/img/_member20141029/detail/61/02.jpg
木﨑 ゆりあ, http://cache2.akb48.co.jp/img/_member20141029/detail/217/02.jpg
北澤 早紀, http://cache2.akb48.co.jp/img/_member20141029/detail/108/02.jpg
小谷 里歩, http://cache2.akb48.co.jp/img/_member20141029/detail/142/02.jpg
小林 茉里奈, http://cache2.akb48.co.jp/img/_member20141029/detail/62/02.jpg
込山 榛香, http://cache2.akb48.co.jp/img/_member20141029/detail/149/02.jpg
佐々木 優佳里, http://cache2.akb48.co.jp/img/_member20141029/detail/71/02.jpg
佐藤 妃星, http://cache2.akb48.co.jp/img/_member20141029/detail/150/02.jpg
渋谷 凪咲, http://cache2.akb48.co.jp/img/_member20141029/detail/218/02.jpg
土保 瑞希, http://cache2.akb48.co.jp/img/_member20141029/detail/151/02.jpg
西野 未姫, http://cache2.akb48.co.jp/img/_member20141029/detail/139/02.jpg
前田 美月, http://cache2.akb48.co.jp/img/_member20141029/detail/141/02.jpg
峯岸 みなみ, http://cache2.akb48.co.jp/img/_member20141029/detail/29/02.jpg
向井地 美音, http://cache2.akb48.co.jp/img/_member20141029/detail/153/02.jpg
村山 彩希, http://cache2.akb48.co.jp/img/_member20141029/detail/102/02.jpg
茂木 忍, http://cache2.akb48.co.jp/img/_member20141029/detail/101/02.jpg
